CREATE TABLE IF NOT EXISTS app_version_android (
  app_version_android_id int unsigned NOT NULL AUTO_INCREMENT,
  app_version_android_name varchar(50) DEFAULT NULL,
  app_version_android_release_date DATE NOT NULL,
  app_version_android_stop_service_date DATE DEFAULT NULL,
  PRIMARY KEY(app_version_android_id)
) ENGINE = InnoDB AUTO_INCREMENT = 1;

CREATE TABLE IF NOT EXISTS current_android_version (
  ref_app_version_android_id int unsigned,
  FOREIGN KEY(ref_app_version_android_id) REFERENCES app_version_android(app_version_android_id)
) ENGINE = InnoDB AUTO_INCREMENT = 1;

CREATE TABLE IF NOT EXISTS app_version_ios (
  app_version_ios_id int unsigned NOT NULL AUTO_INCREMENT,
  app_version_ios_name varchar(50) DEFAULT NULL,
  app_version_ios_release_date DATE NOT NULL,
  app_version_ios_stop_service_date DATE DEFAULT NULL,
  PRIMARY KEY(app_version_ios_id)
) ENGINE = InnoDB AUTO_INCREMENT = 1;

CREATE TABLE IF NOT EXISTS current_ios_version (
  ref_app_version_ios_id int unsigned,
  FOREIGN KEY(ref_app_version_ios_id) REFERENCES app_version_ios(app_version_ios_id)
) ENGINE = InnoDB AUTO_INCREMENT = 1;

CREATE TABLE IF NOT EXISTS device_type (
  device_type_id tinyint unsigned NOT NULL AUTO_INCREMENT,
  device_type_name varchar(100) NOT NULL,
  PRIMARY KEY (device_type_id),
  UNIQUE KEY (device_type_name)
) ENGINE = InnoDB AUTO_INCREMENT = 1;

INSERT INTO `device_type` (`device_type_id`, `device_type_name`) VALUES
(1, 'ANDROID'),
(2, 'IOS');

CREATE TABLE division (
  division_id int unsigned NOT NULL AUTO_INCREMENT,
  division_name_en varchar(50) NOT NULL,
  division_name_bd varchar(50) NOT NULL,
  division_active tinyint DEFAULT '1',
  PRIMARY KEY(division_id),
  UNIQUE KEY(division_name_en),
  UNIQUE KEY(division_name_bd)
) ENGINE = InnoDB AUTO_INCREMENT = 1;


INSERT INTO `division` (`division_id`, `division_name_en`, `division_name_bd`, `division_active`) VALUES
(1, 'Barisal', 'বরিশাল', 1),
(2, 'Chittagong', 'চট্টগ্রাম', 1),
(3, 'Dhaka', 'ঢাকা', 1),
(4, 'Khulna', 'খুলনা', 1),
(5, 'Rajshahi', 'রাজশাহী', 1),
(6, 'Rangpur', 'রংপুর', 1),
(7, 'Sylhet', 'সিলেট', 1),
(8, 'Mymensingh', 'ময়মনসিংহ', 1);



CREATE TABLE district (
  district_id int unsigned NOT NULL AUTO_INCREMENT,
  ref_district_division_id int unsigned NOT NULL,
  district_name_en varchar(50) NOT NULL,
  district_name_bd varchar(50) NOT NULL,
  district_active tinyint DEFAULT 1,
  PRIMARY KEY(district_id),
  FOREIGN KEY(ref_district_division_id) REFERENCES division(division_id),
  UNIQUE KEY(ref_district_division_id, district_name_en),
  UNIQUE KEY(ref_district_division_id, district_name_bd)
) ENGINE = InnoDB AUTO_INCREMENT = 1;



INSERT INTO `district` (`district_id`, `ref_district_division_id`, `district_name_en`, `district_name_bd`, `district_active`) VALUES
(1, 3, 'Dhaka', 'ঢাকা', 1),
(2, 3, 'Faridpur', 'ফরিদপুর', 1),
(3, 3, 'Gazipur', 'গাজীপুর', 1),
(4, 3, 'Gopalganj', 'গোপালগঞ্জ', 1),
(5, 8, 'Jamalpur', 'জামালপুর', 1),
(6, 3, 'Kishoreganj', 'কিশোরগঞ্জ', 1),
(7, 3, 'Madaripur', 'মাদারীপুর', 1),
(8, 3, 'Manikganj', 'মানিকগঞ্জ', 1),
(9, 3, 'Munshiganj', 'মুন্সিগঞ্জ', 1),
(10, 8, 'Mymensingh', 'ময়মনসিং', 1),
(11, 3, 'Narayanganj', 'নারায়াণগঞ্জ', 1),
(12, 3, 'Narsingdi', 'নরসিংদী', 1),
(13, 8, 'Netrokona', 'নেত্রকোনা', 1),
(14, 3, 'Rajbari', 'রাজবাড়ি', 1),
(15, 3, 'Shariatpur', 'শরীয়তপুর', 1),
(16, 8, 'Sherpur', 'শেরপুর', 1),
(17, 3, 'Tangail', 'টাঙ্গাইল', 1),
(18, 5, 'Bogra', 'বগুড়া', 1),
(19, 5, 'Joypurhat', 'জয়পুরহাট', 1),
(20, 5, 'Naogaon', 'নওগাঁ', 1),
(21, 5, 'Natore', 'নাটোর', 1),
(22, 5, 'Nawabganj', 'নবাবগঞ্জ', 1),
(23, 5, 'Pabna', 'পাবনা', 1),
(24, 5, 'Rajshahi', 'রাজশাহী', 1),
(25, 5, 'Sirajgonj', 'সিরাজগঞ্জ', 1),
(26, 6, 'Dinajpur', 'দিনাজপুর', 1),
(27, 6, 'Gaibandha', 'গাইবান্ধা', 1),
(28, 6, 'Kurigram', 'কুড়িগ্রাম', 1),
(29, 6, 'Lalmonirhat', 'লালমনিরহাট', 1),
(30, 6, 'Nilphamari', 'নীলফামারী', 1),
(31, 6, 'Panchagarh', 'পঞ্চগড়', 1),
(32, 6, 'Rangpur', 'রংপুর', 1),
(33, 6, 'Thakurgaon', 'ঠাকুরগাঁও', 1),
(34, 1, 'Barguna', 'বরগুনা', 1),
(35, 1, 'Barisal', 'বরিশাল', 1),
(36, 1, 'Bhola', 'ভোলা', 1),
(37, 1, 'Jhalokati', 'ঝালকাঠি', 1),
(38, 1, 'Patuakhali', 'পটুয়াখালী', 1),
(39, 1, 'Pirojpur', 'পিরোজপুর', 1),
(40, 2, 'Bandarban', 'বান্দরবান', 1),
(41, 2, 'Brahmanbaria', 'ব্রাহ্মণবাড়িয়া', 1),
(42, 2, 'Chandpur', 'চাঁদপুর', 1),
(43, 2, 'Chittagong', 'চট্টগ্রাম', 1),
(44, 2, 'Comilla', 'কুমিল্লা', 1),
(45, 2, 'Cox\"s Bazar', 'কক্স বাজার', 1),
(46, 2, 'Feni', 'ফেনী', 1),
(47, 2, 'Khagrachari', 'খাগড়াছড়ি', 1),
(48, 2, 'Lakshmipur', 'লক্ষ্মীপুর', 1),
(49, 2, 'Noakhali', 'নোয়াখালী', 1),
(50, 2, 'Rangamati', 'রাঙ্গামাটি', 1),
(51, 7, 'Habiganj', 'হবিগঞ্জ', 1),
(52, 7, 'Maulvibazar', 'মৌলভীবাজার', 1),
(53, 7, 'Sunamganj', 'সুনামগঞ্জ', 1),
(54, 7, 'Sylhet', 'সিলেট', 1),
(55, 4, 'Bagerhat', 'বাগেরহাট', 1),
(56, 4, 'Chuadanga', 'চুয়াডাঙ্গা', 1),
(57, 4, 'Jessore', 'যশোর', 1),
(58, 4, 'Jhenaidah', 'ঝিনাইদহ', 1),
(59, 4, 'Khulna', 'খুলনা', 1),
(60, 4, 'Kushtia', 'কুষ্টিয়া', 1),
(61, 4, 'Magura', 'মাগুরা', 1),
(62, 4, 'Meherpur', 'মেহেরপুর', 1),
(63, 4, 'Narail', 'নড়াইল', 1),
(64, 4, 'Satkhira', 'সাতক্ষীরা', 1);



CREATE TABLE sub_district_or_ps (
  sub_district_or_ps_id int unsigned NOT NULL AUTO_INCREMENT,
  ref_sub_district_or_ps_district_id int unsigned NOT NULL,
  sub_district_or_ps_name_en varchar(50) NOT NULL,
  sub_district_or_ps_name_bd varchar(50) NOT NULL,
  sub_district_or_ps_active tinyint DEFAULT 1,
  PRIMARY KEY(sub_district_or_ps_id),
  FOREIGN KEY(ref_sub_district_or_ps_district_id) REFERENCES district(district_id),
  UNIQUE KEY(
    ref_sub_district_or_ps_district_id,
    sub_district_or_ps_name_en
  ),
  UNIQUE KEY(
    ref_sub_district_or_ps_district_id,
    sub_district_or_ps_name_bd
  )
) ENGINE = InnoDB AUTO_INCREMENT = 1;



INSERT INTO `sub_district_or_ps` (`sub_district_or_ps_id`, `ref_sub_district_or_ps_district_id`, `sub_district_or_ps_name_en`, `sub_district_or_ps_name_bd`, `sub_district_or_ps_active`) VALUES
(1, 34, 'Amtali', 'আমতলী', 1),
(2, 34, 'Bamna ', 'বামনা', 1),
(3, 34, 'Barguna Sadar ', 'বরগুনা সদর', 1),
(4, 34, 'Betagi ', 'বেতাগি', 1),
(5, 34, 'Patharghata ', 'পাথরঘাটা', 1),
(6, 34, 'Taltali ', 'তালতলী', 1),
(7, 35, 'Muladi ', 'মুলাদি', 1),
(8, 35, 'Babuganj ', 'বাবুগঞ্জ', 1),
(9, 35, 'Agailjhara ', 'আগাইলঝরা', 1),
(10, 35, 'Barisal Sadar ', 'বরিশাল সদর', 1),
(11, 35, 'Bakerganj ', 'বাকেরগঞ্জ', 1),
(12, 35, 'Banaripara ', 'বানাড়িপারা', 1),
(13, 35, 'Gaurnadi ', 'গৌরনদী', 1),
(14, 35, 'Hizla ', 'হিজলা', 1),
(15, 35, 'Mehendiganj ', 'মেহেদিগঞ্জ ', 1),
(16, 35, 'Wazirpur ', 'ওয়াজিরপুর', 1),
(17, 36, 'Bhola Sadar ', 'ভোলা সদর', 1),
(18, 36, 'Burhanuddin ', 'বুরহানউদ্দিন', 1),
(19, 36, 'Char Fasson ', 'চর ফ্যাশন', 1),
(20, 36, 'Daulatkhan ', 'দৌলতখান', 1),
(21, 36, 'Lalmohan ', 'লালমোহন', 1),
(22, 36, 'Manpura ', 'মনপুরা', 1),
(23, 36, 'Tazumuddin ', 'তাজুমুদ্দিন', 1),
(24, 37, 'Jhalokati Sadar ', 'ঝালকাঠি সদর', 1),
(25, 37, 'Kathalia ', 'কাঁঠালিয়া', 1),
(26, 37, 'Nalchity ', 'নালচিতি', 1),
(27, 37, 'Rajapur ', 'রাজাপুর', 1),
(28, 38, 'Bauphal ', 'বাউফল', 1),
(29, 38, 'Dashmina ', 'দশমিনা', 1),
(30, 38, 'Galachipa ', 'গলাচিপা', 1),
(31, 38, 'Kalapara ', 'কালাপারা', 1),
(32, 38, 'Mirzaganj ', 'মির্জাগঞ্জ ', 1),
(33, 38, 'Patuakhali Sadar ', 'পটুয়াখালী সদর', 1),
(34, 38, 'Dumki ', 'ডুমকি', 1),
(35, 38, 'Rangabali ', 'রাঙ্গাবালি', 1),
(36, 39, 'Bhandaria', 'ভ্যান্ডারিয়া', 1),
(37, 39, 'Kaukhali', 'কাউখালি', 1),
(38, 39, 'Mathbaria', 'মাঠবাড়িয়া', 1),
(39, 39, 'Nazirpur', 'নাজিরপুর', 1),
(40, 39, 'Nesarabad', 'নেসারাবাদ', 1),
(41, 39, 'Pirojpur Sadar', 'পিরোজপুর সদর', 1),
(42, 39, 'Zianagar', 'জিয়ানগর', 1),
(43, 40, 'Bandarban Sadar', 'বান্দরবন সদর', 1),
(44, 40, 'Thanchi', 'থানচি', 1),
(45, 40, 'Lama', 'লামা', 1),
(46, 40, 'Naikhongchhari', 'নাইখংছড়ি ', 1),
(47, 40, 'Ali kadam', 'আলী কদম', 1),
(48, 40, 'Rowangchhari', 'রউয়াংছড়ি ', 1),
(49, 40, 'Ruma', 'রুমা', 1),
(50, 41, 'Brahmanbaria Sadar ', 'ব্রাহ্মণবাড়িয়া সদর', 1),
(51, 41, 'Ashuganj ', 'আশুগঞ্জ', 1),
(52, 41, 'Nasirnagar ', 'নাসির নগর', 1),
(53, 41, 'Nabinagar ', 'নবীনগর', 1),
(54, 41, 'Sarail ', 'সরাইল', 1),
(55, 41, 'Shahbazpur Town', 'শাহবাজপুর টাউন', 1),
(56, 41, 'Kasba ', 'কসবা', 1),
(57, 41, 'Akhaura ', 'আখাউরা', 1),
(58, 41, 'Bancharampur ', 'বাঞ্ছারামপুর', 1),
(59, 41, 'Bijoynagar ', 'বিজয় নগর', 1),
(60, 42, 'Chandpur Sadar', 'চাঁদপুর সদর', 1),
(61, 42, 'Faridganj', 'ফরিদগঞ্জ', 1),
(62, 42, 'Haimchar', 'হাইমচর', 1),
(63, 42, 'Haziganj', 'হাজীগঞ্জ', 1),
(64, 42, 'Kachua', 'কচুয়া', 1),
(65, 42, 'Matlab Uttar', 'মতলব উত্তর', 1),
(66, 42, 'Matlab Dakkhin', 'মতলব দক্ষিণ', 1),
(67, 42, 'Shahrasti', 'শাহরাস্তি', 1),
(68, 43, 'Anwara ', 'আনোয়ারা', 1),
(69, 43, 'Banshkhali ', 'বাশখালি', 1),
(70, 43, 'Boalkhali ', 'বোয়ালখালি', 1),
(71, 43, 'Chandanaish ', 'চন্দনাইশ', 1),
(72, 43, 'Fatikchhari ', 'ফটিকছড়ি', 1),
(73, 43, 'Hathazari ', 'হাঠহাজারী', 1),
(74, 43, 'Lohagara ', 'লোহাগারা', 1),
(75, 43, 'Mirsharai ', 'মিরসরাই', 1),
(76, 43, 'Patiya ', 'পটিয়া', 1),
(77, 43, 'Rangunia ', 'রাঙ্গুনিয়া', 1),
(78, 43, 'Raozan ', 'রাউজান', 1),
(79, 43, 'Sandwip ', 'সন্দ্বীপ', 1),
(80, 43, 'Satkania ', 'সাতকানিয়া', 1),
(81, 43, 'Sitakunda ', 'সীতাকুণ্ড', 1),
(82, 44, 'Barura ', 'বড়ুরা', 1),
(83, 44, 'Brahmanpara ', 'ব্রাহ্মণপাড়া', 1),
(84, 44, 'Burichong ', 'বুড়িচং', 1),
(85, 44, 'Chandina ', 'চান্দিনা', 1),
(86, 44, 'Chauddagram ', 'চৌদ্দগ্রাম', 1),
(87, 44, 'Daudkandi ', 'দাউদকান্দি', 1),
(88, 44, 'Debidwar ', 'দেবীদ্বার', 1),
(89, 44, 'Homna ', 'হোমনা', 1),
(90, 44, 'Comilla Sadar ', 'কুমিল্লা সদর', 1),
(91, 44, 'Laksam ', 'লাকসাম', 1),
(92, 44, 'Monohorgonj ', 'মনোহরগঞ্জ', 1),
(93, 44, 'Meghna ', 'মেঘনা', 1),
(94, 44, 'Muradnagar ', 'মুরাদনগর', 1),
(95, 44, 'Nangalkot ', 'নাঙ্গালকোট', 1),
(96, 44, 'Comilla Sadar South ', 'কুমিল্লা সদর দক্ষিণ', 1),
(97, 44, 'Titas ', 'তিতাস', 1),
(98, 45, 'Chakaria ', 'চকরিয়া', 1),
(100, 45, 'Cox\"s Bazar Sadar ', 'কক্স বাজার সদর', 1),
(101, 45, 'Kutubdia ', 'কুতুবদিয়া', 1),
(102, 45, 'Maheshkhali ', 'মহেশখালী', 1),
(103, 45, 'Ramu ', 'রামু', 1),
(104, 45, 'Teknaf ', 'টেকনাফ', 1),
(105, 45, 'Ukhia ', 'উখিয়া', 1),
(106, 45, 'Pekua ', 'পেকুয়া', 1),
(107, 46, 'Feni Sadar', 'ফেনী সদর', 1),
(108, 46, 'Chagalnaiya', 'ছাগল নাইয়া', 1),
(109, 46, 'Daganbhyan', 'দাগানভিয়া', 1),
(110, 46, 'Parshuram', 'পরশুরাম', 1),
(111, 46, 'Fhulgazi', 'ফুলগাজি', 1),
(112, 46, 'Sonagazi', 'সোনাগাজি', 1),
(113, 47, 'Dighinala ', 'দিঘিনালা ', 1),
(114, 47, 'Khagrachhari ', 'খাগড়াছড়ি', 1),
(115, 47, 'Lakshmichhari ', 'লক্ষ্মীছড়ি', 1),
(116, 47, 'Mahalchhari ', 'মহলছড়ি', 1),
(117, 47, 'Manikchhari ', 'মানিকছড়ি', 1),
(118, 47, 'Matiranga ', 'মাটিরাঙ্গা', 1),
(119, 47, 'Panchhari ', 'পানছড়ি', 1),
(120, 47, 'Ramgarh ', 'রামগড়', 1),
(121, 48, 'Lakshmipur Sadar ', 'লক্ষ্মীপুর সদর', 1),
(122, 48, 'Raipur ', 'রায়পুর', 1),
(123, 48, 'Ramganj ', 'রামগঞ্জ', 1),
(124, 48, 'Ramgati ', 'রামগতি', 1),
(125, 48, 'Komol Nagar ', 'কমল নগর', 1),
(126, 49, 'Noakhali Sadar ', 'নোয়াখালী সদর', 1),
(127, 49, 'Begumganj ', 'বেগমগঞ্জ', 1),
(128, 49, 'Chatkhil ', 'চাটখিল', 1),
(129, 49, 'Companyganj ', 'কোম্পানীগঞ্জ', 1),
(130, 49, 'Shenbag ', 'শেনবাগ', 1),
(131, 49, 'Hatia ', 'হাতিয়া', 1),
(132, 49, 'Kobirhat ', 'কবিরহাট ', 1),
(133, 49, 'Sonaimuri ', 'সোনাইমুরি', 1),
(134, 49, 'Suborno Char ', 'সুবর্ণ চর ', 1),
(135, 50, 'Rangamati Sadar ', 'রাঙ্গামাটি সদর', 1),
(136, 50, 'Belaichhari ', 'বেলাইছড়ি', 1),
(137, 50, 'Bagaichhari ', 'বাঘাইছড়ি', 1),
(138, 50, 'Barkal ', 'বরকল', 1),
(139, 50, 'Juraichhari ', 'জুরাইছড়ি', 1),
(140, 50, 'Rajasthali ', 'রাজাস্থলি', 1),
(141, 50, 'Kaptai ', 'কাপ্তাই', 1),
(142, 50, 'Langadu ', 'লাঙ্গাডু', 1),
(143, 50, 'Nannerchar ', 'নান্নেরচর ', 1),
(144, 50, 'Kaukhali ', 'কাউখালি', 1),
(150, 2, 'Faridpur Sadar ', 'ফরিদপুর সদর', 1),
(151, 2, 'Boalmari ', 'বোয়ালমারী', 1),
(152, 2, 'Alfadanga ', 'আলফাডাঙ্গা', 1),
(153, 2, 'Madhukhali ', 'মধুখালি', 1),
(154, 2, 'Bhanga ', 'ভাঙ্গা', 1),
(155, 2, 'Nagarkanda ', 'নগরকান্ড', 1),
(156, 2, 'Charbhadrasan ', 'চরভদ্রাসন ', 1),
(157, 2, 'Sadarpur ', 'সদরপুর', 1),
(158, 2, 'Shaltha ', 'শালথা', 1),
(159, 3, 'Gazipur Sadar-Joydebpur', 'গাজীপুর সদর', 1),
(160, 3, 'Kaliakior', 'কালিয়াকৈর', 1),
(161, 3, 'Kapasia', 'কাপাসিয়া', 1),
(162, 3, 'Sripur', 'শ্রীপুর', 1),
(163, 3, 'Kaliganj', 'কালীগঞ্জ', 1),
(164, 3, 'Tongi', 'টঙ্গি', 1),
(165, 4, 'Gopalganj Sadar ', 'গোপালগঞ্জ সদর', 1),
(166, 4, 'Kashiani ', 'কাশিয়ানি', 1),
(167, 4, 'Kotalipara ', 'কোটালিপাড়া', 1),
(168, 4, 'Muksudpur ', 'মুকসুদপুর', 1),
(169, 4, 'Tungipara ', 'টুঙ্গিপাড়া', 1),
(170, 5, 'Dewanganj ', 'দেওয়ানগঞ্জ', 1),
(171, 5, 'Baksiganj ', 'বকসিগঞ্জ', 1),
(172, 5, 'Islampur ', 'ইসলামপুর', 1),
(173, 5, 'Jamalpur Sadar ', 'জামালপুর সদর', 1),
(174, 5, 'Madarganj ', 'মাদারগঞ্জ', 1),
(175, 5, 'Melandaha ', 'মেলানদাহা', 1),
(176, 5, 'Sarishabari ', 'সরিষাবাড়ি ', 1),
(177, 5, 'Narundi Police I.C', 'নারুন্দি', 1),
(178, 6, 'Astagram ', 'অষ্টগ্রাম', 1),
(179, 6, 'Bajitpur ', 'বাজিতপুর', 1),
(180, 6, 'Bhairab ', 'ভৈরব', 1),
(181, 6, 'Hossainpur ', 'হোসেনপুর ', 1),
(182, 6, 'Itna ', 'ইটনা', 1),
(183, 6, 'Karimganj ', 'করিমগঞ্জ', 1),
(184, 6, 'Katiadi ', 'কতিয়াদি', 1),
(185, 6, 'Kishoreganj Sadar ', 'কিশোরগঞ্জ সদর', 1),
(186, 6, 'Kuliarchar ', 'কুলিয়ারচর', 1),
(187, 6, 'Mithamain ', 'মিঠামাইন', 1),
(188, 6, 'Nikli ', 'নিকলি', 1),
(189, 6, 'Pakundia ', 'পাকুন্ডা', 1),
(190, 6, 'Tarail ', 'তাড়াইল', 1),
(191, 7, 'Madaripur Sadar', 'মাদারীপুর সদর', 1),
(192, 7, 'Kalkini', 'কালকিনি', 1),
(193, 7, 'Rajoir', 'রাজইর', 1),
(194, 7, 'Shibchar', 'শিবচর', 1),
(195, 8, 'Manikganj Sadar ', 'মানিকগঞ্জ সদর', 1),
(196, 8, 'Singair ', 'সিঙ্গাইর', 1),
(197, 8, 'Shibalaya ', 'শিবালয়', 1),
(198, 8, 'Saturia ', 'সাঠুরিয়া', 1),
(199, 8, 'Harirampur ', 'হরিরামপুর', 1),
(200, 8, 'Ghior ', 'ঘিওর', 1),
(201, 8, 'Daulatpur ', 'দৌলতপুর', 1),
(202, 9, 'Lohajang ', 'লোহাজং', 1),
(203, 9, 'Sreenagar ', 'শ্রীনগর', 1),
(204, 9, 'Munshiganj Sadar ', 'মুন্সিগঞ্জ সদর', 1),
(205, 9, 'Sirajdikhan ', 'সিরাজদিখান', 1),
(206, 9, 'Tongibari ', 'টঙ্গিবাড়ি', 1),
(207, 9, 'Gazaria ', 'গজারিয়া', 1),
(208, 10, 'Bhaluka', 'ভালুকা', 1),
(209, 10, 'Trishal', 'ত্রিশাল', 1),
(210, 10, 'Haluaghat', 'হালুয়াঘাট', 1),
(211, 10, 'Muktagachha', 'মুক্তাগাছা', 1),
(212, 10, 'Dhobaura', 'ধবারুয়া', 1),
(213, 10, 'Fulbaria', 'ফুলবাড়িয়া', 1),
(214, 10, 'Gaffargaon', 'গফরগাঁও', 1),
(215, 10, 'Gauripur', 'গৌরিপুর', 1),
(216, 10, 'Ishwarganj', 'ঈশ্বরগঞ্জ', 1),
(217, 10, 'Mymensingh Sadar', 'ময়মনসিং সদর', 1),
(218, 10, 'Nandail', 'নন্দাইল', 1),
(219, 10, 'Phulpur', 'ফুলপুর', 1),
(220, 11, 'Araihazar ', 'আড়াইহাজার', 1),
(221, 11, 'Sonargaon ', 'সোনারগাঁও', 1),
(222, 11, 'Bandar', 'বান্দার', 1),
(223, 11, 'Naryanganj Sadar ', 'নারায়ানগঞ্জ সদর', 1),
(224, 11, 'Rupganj ', 'রূপগঞ্জ', 1),
(225, 11, 'Siddirgonj ', 'সিদ্ধিরগঞ্জ', 1),
(226, 12, 'Belabo ', 'বেলাবো', 1),
(227, 12, 'Monohardi ', 'মনোহরদি', 1),
(228, 12, 'Narsingdi Sadar ', 'নরসিংদী সদর', 1),
(229, 12, 'Palash ', 'পলাশ', 1),
(230, 12, 'Raipura , Narsingdi', 'রায়পুর', 1),
(231, 12, 'Shibpur ', 'শিবপুর', 1),
(232, 13, 'Kendua Upazilla', 'কেন্দুয়া', 1),
(233, 13, 'Atpara Upazilla', 'আটপাড়া', 1),
(234, 13, 'Barhatta Upazilla', 'বরহাট্টা', 1),
(235, 13, 'Durgapur Upazilla', 'দুর্গাপুর', 1),
(236, 13, 'Kalmakanda Upazilla', 'কলমাকান্দা', 1),
(237, 13, 'Madan Upazilla', 'মদন', 1),
(238, 13, 'Mohanganj Upazilla', 'মোহনগঞ্জ', 1),
(239, 13, 'Netrakona-S Upazilla', 'নেত্রকোনা সদর', 1),
(240, 13, 'Purbadhala Upazilla', 'পূর্বধলা', 1),
(241, 13, 'Khaliajuri Upazilla', 'খালিয়াজুরি', 1),
(242, 14, 'Baliakandi ', 'বালিয়াকান্দি', 1),
(243, 14, 'Goalandaghat ', 'গোয়ালন্দ ঘাট', 1),
(244, 14, 'Pangsha ', 'পাংশা', 1),
(245, 14, 'Kalukhali ', 'কালুখালি', 1),
(246, 14, 'Rajbari Sadar ', 'রাজবাড়ি সদর', 1),
(247, 15, 'Shariatpur Sadar -Palong', 'শরীয়তপুর সদর ', 1),
(248, 15, 'Damudya ', 'দামুদিয়া', 1),
(249, 15, 'Naria ', 'নড়িয়া', 1),
(250, 15, 'Jajira ', 'জাজিরা', 1),
(251, 15, 'Bhedarganj ', 'ভেদারগঞ্জ', 1),
(252, 15, 'Gosairhat ', 'গোসাইর হাট ', 1),
(253, 16, 'Jhenaigati ', 'ঝিনাইগাতি', 1),
(254, 16, 'Nakla ', 'নাকলা', 1),
(255, 16, 'Nalitabari ', 'নালিতাবাড়ি', 1),
(256, 16, 'Sherpur Sadar ', 'শেরপুর সদর', 1),
(257, 16, 'Sreebardi ', 'শ্রীবরদি', 1),
(258, 17, 'Tangail Sadar ', 'টাঙ্গাইল সদর', 1),
(259, 17, 'Sakhipur ', 'সখিপুর', 1),
(260, 17, 'Basail ', 'বসাইল', 1),
(261, 17, 'Madhupur ', 'মধুপুর', 1),
(262, 17, 'Ghatail ', 'ঘাটাইল', 1),
(263, 17, 'Kalihati ', 'কালিহাতি', 1),
(264, 17, 'Nagarpur ', 'নগরপুর', 1),
(265, 17, 'Mirzapur ', 'মির্জাপুর', 1),
(266, 17, 'Gopalpur ', 'গোপালপুর', 1),
(267, 17, 'Delduar ', 'দেলদুয়ার', 1),
(268, 17, 'Bhuapur ', 'ভুয়াপুর', 1),
(269, 17, 'Dhanbari ', 'ধানবাড়ি', 1),
(270, 55, 'Bagerhat Sadar ', 'বাগেরহাট সদর', 1),
(271, 55, 'Chitalmari ', 'চিতলমাড়ি', 1),
(272, 55, 'Fakirhat ', 'ফকিরহাট', 1),
(273, 55, 'Kachua ', 'কচুয়া', 1),
(274, 55, 'Mollahat ', 'মোল্লাহাট ', 1),
(275, 55, 'Mongla ', 'মংলা', 1),
(276, 55, 'Morrelganj ', 'মরেলগঞ্জ', 1),
(277, 55, 'Rampal ', 'রামপাল', 1),
(278, 55, 'Sarankhola ', 'স্মরণখোলা', 1),
(279, 56, 'Damurhuda ', 'দামুরহুদা', 1),
(280, 56, 'Chuadanga-S ', 'চুয়াডাঙ্গা সদর', 1),
(281, 56, 'Jibannagar ', 'জীবন নগর ', 1),
(282, 56, 'Alamdanga ', 'আলমডাঙ্গা', 1),
(283, 57, 'Abhaynagar ', 'অভয়নগর', 1),
(284, 57, 'Keshabpur ', 'কেশবপুর', 1),
(285, 57, 'Bagherpara ', 'বাঘের পাড়া ', 1),
(286, 57, 'Jessore Sadar ', 'যশোর সদর', 1),
(287, 57, 'Chaugachha ', 'চৌগাছা', 1),
(288, 57, 'Manirampur ', 'মনিরামপুর ', 1),
(289, 57, 'Jhikargachha ', 'ঝিকরগাছা', 1),
(290, 57, 'Sharsha ', 'সারশা', 1),
(291, 58, 'Jhenaidah Sadar ', 'ঝিনাইদহ সদর', 1),
(292, 58, 'Maheshpur ', 'মহেশপুর', 1),
(293, 58, 'Kaliganj ', 'কালীগঞ্জ', 1),
(294, 58, 'Kotchandpur ', 'কোট চাঁদপুর ', 1),
(295, 58, 'Shailkupa ', 'শৈলকুপা', 1),
(296, 58, 'Harinakunda ', 'হাড়িনাকুন্দা', 1),
(297, 59, 'Terokhada ', 'তেরোখাদা', 1),
(298, 59, 'Batiaghata ', 'বাটিয়াঘাটা ', 1),
(299, 59, 'Dacope ', 'ডাকপে', 1),
(300, 59, 'Dumuria ', 'ডুমুরিয়া', 1),
(301, 59, 'Dighalia ', 'দিঘলিয়া', 1),
(302, 59, 'Koyra ', 'কয়ড়া', 1),
(303, 59, 'Paikgachha ', 'পাইকগাছা', 1),
(304, 59, 'Phultala ', 'ফুলতলা', 1),
(305, 59, 'Rupsa ', 'রূপসা', 1),
(306, 60, 'Kushtia Sadar', 'কুষ্টিয়া সদর', 1),
(307, 60, 'Kumarkhali', 'কুমারখালি', 1),
(308, 60, 'Daulatpur', 'দৌলতপুর', 1),
(309, 60, 'Mirpur', 'মিরপুর', 1),
(310, 60, 'Bheramara', 'ভেরামারা', 1),
(311, 60, 'Khoksa', 'খোকসা', 1),
(312, 61, 'Magura Sadar ', 'মাগুরা সদর', 1),
(313, 61, 'Mohammadpur ', 'মোহাম্মাদপুর', 1),
(314, 61, 'Shalikha ', 'শালিখা', 1),
(315, 61, 'Sreepur ', 'শ্রীপুর', 1),
(316, 62, 'angni ', 'আংনি', 1),
(317, 62, 'Mujib Nagar ', 'মুজিব নগর', 1),
(318, 62, 'Meherpur-S ', 'মেহেরপুর সদর', 1),
(319, 63, 'Narail-S Upazilla', 'নড়াইল সদর', 1),
(320, 63, 'Lohagara Upazilla', 'লোহাগাড়া', 1),
(321, 63, 'Kalia Upazilla', 'কালিয়া', 1),
(322, 64, 'Satkhira Sadar ', 'সাতক্ষীরা সদর', 1),
(323, 64, 'Assasuni ', 'আসসাশুনি ', 1),
(324, 64, 'Debhata ', 'দেভাটা', 1),
(325, 64, 'Tala ', 'তালা', 1),
(326, 64, 'Kalaroa ', 'কলরোয়া', 1),
(327, 64, 'Kaliganj ', 'কালীগঞ্জ', 1),
(328, 64, 'Shyamnagar ', 'শ্যামনগর', 1),
(329, 18, 'Adamdighi', 'আদমদিঘী', 1),
(330, 18, 'Bogra Sadar', 'বগুড়া সদর', 1),
(331, 18, 'Sherpur', 'শেরপুর', 1),
(332, 18, 'Dhunat', 'ধুনট', 1),
(333, 18, 'Dhupchanchia', 'দুপচাচিয়া', 1),
(334, 18, 'Gabtali', 'গাবতলি', 1),
(335, 18, 'Kahaloo', 'কাহালু', 1),
(336, 18, 'Nandigram', 'নন্দিগ্রাম', 1),
(337, 18, 'Sahajanpur', 'শাহজাহানপুর', 1),
(338, 18, 'Sariakandi', 'সারিয়াকান্দি', 1),
(339, 18, 'Shibganj', 'শিবগঞ্জ', 1),
(340, 18, 'Sonatala', 'সোনাতলা', 1),
(341, 19, 'Joypurhat S', 'জয়পুরহাট সদর', 1),
(342, 19, 'Akkelpur', 'আক্কেলপুর', 1),
(343, 19, 'Kalai', 'কালাই', 1),
(344, 19, 'Khetlal', 'খেতলাল', 1),
(345, 19, 'Panchbibi', 'পাঁচবিবি', 1),
(346, 20, 'Naogaon Sadar ', 'নওগাঁ সদর', 1),
(347, 20, 'Mohadevpur ', 'মহাদেবপুর', 1),
(348, 20, 'Manda ', 'মান্দা', 1),
(349, 20, 'Niamatpur ', 'নিয়ামতপুর', 1),
(350, 20, 'Atrai ', 'আত্রাই', 1),
(351, 20, 'Raninagar ', 'রাণীনগর', 1),
(352, 20, 'Patnitala ', 'পত্নীতলা', 1),
(353, 20, 'Dhamoirhat ', 'ধামইরহাট ', 1),
(354, 20, 'Sapahar ', 'সাপাহার', 1),
(355, 20, 'Porsha ', 'পোরশা', 1),
(356, 20, 'Badalgachhi ', 'বদলগাছি', 1),
(357, 21, 'Natore Sadar ', 'নাটোর সদর', 1),
(358, 21, 'Baraigram ', 'বড়াইগ্রাম', 1),
(359, 21, 'Bagatipara ', 'বাগাতিপাড়া', 1),
(360, 21, 'Lalpur ', 'লালপুর', 1),
(363, 22, 'Bholahat ', 'ভোলাহাট', 1),
(364, 22, 'Gomastapur ', 'গোমস্তাপুর', 1),
(365, 22, 'Nachole ', 'নাচোল', 1),
(366, 22, 'Nawabganj Sadar ', 'নবাবগঞ্জ সদর', 1),
(367, 22, 'Shibganj ', 'শিবগঞ্জ', 1),
(368, 23, 'Atgharia ', 'আটঘরিয়া', 1),
(369, 23, 'Bera ', 'বেড়া', 1),
(370, 23, 'Bhangura ', 'ভাঙ্গুরা', 1),
(371, 23, 'Chatmohar ', 'চাটমোহর', 1),
(372, 23, 'Faridpur ', 'ফরিদপুর', 1),
(373, 23, 'Ishwardi ', 'ঈশ্বরদী', 1),
(374, 23, 'Pabna Sadar ', 'পাবনা সদর', 1),
(375, 23, 'Santhia ', 'সাথিয়া', 1),
(376, 23, 'Sujanagar ', 'সুজানগর', 1),
(377, 24, 'Bagha', 'বাঘা', 1),
(378, 24, 'Bagmara', 'বাগমারা', 1),
(379, 24, 'Charghat', 'চারঘাট', 1),
(380, 24, 'Durgapur', 'দুর্গাপুর', 1),
(381, 24, 'Godagari', 'গোদাগারি', 1),
(382, 24, 'Mohanpur', 'মোহনপুর', 1),
(383, 24, 'Paba', 'পবা', 1),
(384, 24, 'Puthia', 'পুঠিয়া', 1),
(385, 24, 'Tanore', 'তানোর', 1),
(386, 25, 'Sirajganj Sadar ', 'সিরাজগঞ্জ সদর', 1),
(387, 25, 'Belkuchi ', 'বেলকুচি', 1),
(388, 25, 'Chauhali ', 'চৌহালি', 1),
(389, 25, 'Kamarkhanda ', 'কামারখান্দা', 1),
(390, 25, 'Kazipur ', 'কাজীপুর', 1),
(391, 25, 'Raiganj ', 'রায়গঞ্জ', 1),
(392, 25, 'Shahjadpur ', 'শাহজাদপুর', 1),
(393, 25, 'Tarash ', 'তারাশ', 1),
(394, 25, 'Ullahpara ', 'উল্লাপাড়া', 1),
(395, 26, 'Birampur ', 'বিরামপুর', 1),
(396, 26, 'Birganj', 'বীরগঞ্জ', 1),
(397, 26, 'Biral ', 'বিড়াল', 1),
(398, 26, 'Bochaganj ', 'বোচাগঞ্জ', 1),
(399, 26, 'Chirirbandar ', 'চিরিরবন্দর', 1),
(400, 26, 'Phulbari ', 'ফুলবাড়ি', 1),
(401, 26, 'Ghoraghat ', 'ঘোড়াঘাট', 1),
(402, 26, 'Hakimpur ', 'হাকিমপুর', 1),
(403, 26, 'Kaharole ', 'কাহারোল', 1),
(404, 26, 'Khansama ', 'খানসামা', 1),
(405, 26, 'Dinajpur Sadar ', 'দিনাজপুর সদর', 1),
(406, 26, 'Nawabganj', 'নবাবগঞ্জ', 1),
(407, 26, 'Parbatipur ', 'পার্বতীপুর', 1),
(408, 27, 'Fulchhari', 'ফুলছড়ি', 1),
(409, 27, 'Gaibandha sadar', 'গাইবান্ধা সদর', 1),
(410, 27, 'Gobindaganj', 'গোবিন্দগঞ্জ', 1),
(411, 27, 'Palashbari', 'পলাশবাড়ী', 1),
(412, 27, 'Sadullapur', 'সাদুল্যাপুর', 1),
(413, 27, 'Saghata', 'সাঘাটা', 1),
(414, 27, 'Sundarganj', 'সুন্দরগঞ্জ', 1),
(415, 28, 'Kurigram Sadar', 'কুড়িগ্রাম সদর', 1),
(416, 28, 'Nageshwari', 'নাগেশ্বরী', 1),
(417, 28, 'Bhurungamari', 'ভুরুঙ্গামারি', 1),
(418, 28, 'Phulbari', 'ফুলবাড়ি', 1),
(419, 28, 'Rajarhat', 'রাজারহাট', 1),
(420, 28, 'Ulipur', 'উলিপুর', 1),
(421, 28, 'Chilmari', 'চিলমারি', 1),
(422, 28, 'Rowmari', 'রউমারি', 1),
(423, 28, 'Char Rajibpur', 'চর রাজিবপুর', 1),
(424, 29, 'Lalmanirhat Sadar', 'লালমনিরহাট সদর', 1),
(425, 29, 'Aditmari', 'আদিতমারি', 1),
(426, 29, 'Kaliganj', 'কালীগঞ্জ', 1),
(427, 29, 'Hatibandha', 'হাতিবান্ধা', 1),
(428, 29, 'Patgram', 'পাটগ্রাম', 1),
(429, 30, 'Nilphamari Sadar', 'নীলফামারী সদর', 1),
(430, 30, 'Saidpur', 'সৈয়দপুর', 1),
(431, 30, 'Jaldhaka', 'জলঢাকা', 1),
(432, 30, 'Kishoreganj', 'কিশোরগঞ্জ', 1),
(433, 30, 'Domar', 'ডোমার', 1),
(434, 30, 'Dimla', 'ডিমলা', 1),
(435, 31, 'Panchagarh Sadar', 'পঞ্চগড় সদর', 1),
(436, 31, 'Debiganj', 'দেবীগঞ্জ', 1),
(437, 31, 'Boda', 'বোদা', 1),
(438, 31, 'Atwari', 'আটোয়ারি', 1),
(439, 31, 'Tetulia', 'তেতুলিয়া', 1),
(440, 32, 'Badarganj', 'বদরগঞ্জ', 1),
(441, 32, 'Mithapukur', 'মিঠাপুকুর', 1),
(442, 32, 'Gangachara', 'গঙ্গাচরা', 1),
(443, 32, 'Kaunia', 'কাউনিয়া', 1),
(444, 32, 'Rangpur Sadar', 'রংপুর সদর', 1),
(445, 32, 'Pirgachha', 'পীরগাছা', 1),
(446, 32, 'Pirganj', 'পীরগঞ্জ', 1),
(447, 32, 'Taraganj', 'তারাগঞ্জ', 1),
(448, 33, 'Thakurgaon Sadar ', 'ঠাকুরগাঁও সদর', 1),
(449, 33, 'Pirganj ', 'পীরগঞ্জ', 1),
(450, 33, 'Baliadangi ', 'বালিয়াডাঙ্গি', 1),
(451, 33, 'Haripur ', 'হরিপুর', 1),
(452, 33, 'Ranisankail ', 'রাণীসংকইল', 1),
(453, 51, 'Ajmiriganj', 'আজমিরিগঞ্জ', 1),
(454, 51, 'Baniachang', 'বানিয়াচং', 1),
(455, 51, 'Bahubal', 'বাহুবল', 1),
(456, 51, 'Chunarughat', 'চুনারুঘাট', 1),
(457, 51, 'Habiganj Sadar', 'হবিগঞ্জ সদর', 1),
(458, 51, 'Lakhai', 'লাক্ষাই', 1),
(459, 51, 'Madhabpur', 'মাধবপুর', 1),
(460, 51, 'Nabiganj', 'নবীগঞ্জ', 1),
(461, 51, 'Shaistagonj ', 'শায়েস্তাগঞ্জ', 1),
(462, 52, 'Moulvibazar Sadar', 'মৌলভীবাজার', 1),
(463, 52, 'Barlekha', 'বড়লেখা', 1),
(464, 52, 'Juri', 'জুড়ি', 1),
(465, 52, 'Kamalganj', 'কামালগঞ্জ', 1),
(466, 52, 'Kulaura', 'কুলাউরা', 1),
(467, 52, 'Rajnagar', 'রাজনগর', 1),
(468, 52, 'Sreemangal', 'শ্রীমঙ্গল', 1),
(469, 53, 'Bishwamvarpur', 'বিসশম্ভারপুর', 1),
(470, 53, 'Chhatak', 'ছাতক', 1),
(471, 53, 'Derai', 'দেড়াই', 1),
(472, 53, 'Dharampasha', 'ধরমপাশা', 1),
(473, 53, 'Dowarabazar', 'দোয়ারাবাজার', 1),
(474, 53, 'Jagannathpur', 'জগন্নাথপুর', 1),
(475, 53, 'Jamalganj', 'জামালগঞ্জ', 1),
(476, 53, 'Sulla', 'সুল্লা', 1),
(477, 53, 'Sunamganj Sadar', 'সুনামগঞ্জ সদর', 1),
(478, 53, 'Shanthiganj', 'শান্তিগঞ্জ', 1),
(479, 53, 'Tahirpur', 'তাহিরপুর', 1),
(480, 54, 'Sylhet Sadar', 'সিলেট সদর', 1),
(481, 54, 'Beanibazar', 'বেয়ানিবাজার', 1),
(482, 54, 'Bishwanath', 'বিশ্বনাথ', 1),
(483, 54, 'Dakshin Surma/South Surma', 'দক্ষিণ সুরমা', 1),
(484, 54, 'Balaganj', 'বালাগঞ্জ', 1),
(485, 54, 'Companiganj', 'কোম্পানিগঞ্জ', 1),
(486, 54, 'Fenchuganj', 'ফেঞ্চুগঞ্জ', 1),
(487, 54, 'Golapganj', 'গোলাপগঞ্জ', 1),
(488, 54, 'Gowainghat', 'গোয়াইনঘাট', 1),
(489, 54, 'Jaintiapur', 'জয়ন্তপুর', 1),
(490, 54, 'Kanaighat', 'কানাইঘাট', 1),
(491, 54, 'Zakiganj', 'জাকিগঞ্জ', 1),
(492, 54, 'Nobigonj', 'নবীগঞ্জ', 1),
(493, 1, 'Adabor', 'আদাবর', 1),
(494, 1, 'Airport', 'বিমানবন্দর', 1),
(495, 1, 'Badda', 'বাড্ডা', 1),
(496, 1, 'Banani', 'বনানী', 1),
(497, 1, 'Bangshal', 'বংশাল', 1),
(498, 1, 'Bhashantek', 'ভাষানটেক', 1),
(499, 1, 'Cantonment', 'ক্যান্টনমেন্ট', 1),
(500, 1, 'Chackbazar', 'চকবাজার', 1),
(501, 1, 'Darussalam', 'দারুসসালাম', 1),
(502, 1, 'Daskhinkhan', 'দক্ষিণখান', 1),
(503, 1, 'Demra', 'ডেমরা', 1),
(504, 1, 'Dhamrai', 'ধামরাই', 1),
(505, 1, 'Dhanmondi', 'ধানমন্ডি', 1),
(506, 1, 'Dohar', 'দোহার', 1),
(507, 1, 'Gandaria', 'গেন্ডারিয়া', 1),
(508, 1, 'Gulshan', 'গুলশান', 1),
(509, 1, 'Hazaribag', 'হাজারীবাগ', 1),
(510, 1, 'Jatrabari', 'যাত্রাবাড়ী', 1),
(511, 1, 'Kafrul', 'কাফরুল', 1),
(512, 1, 'Kalabagan', 'কলাবাগান', 1),
(513, 1, 'Kamrangirchar', 'কামরাঙ্গীরচর', 1),
(514, 1, 'Keraniganj', 'কেরানীগঞ্জ ', 1),
(515, 1, 'Khilgaon', 'খিলগাঁও', 1),
(516, 1, 'Khilkhet', 'খিলক্ষেত', 1),
(517, 1, 'Kotwali', 'কোতোয়ালী', 1),
(518, 1, 'Lalbag', 'লালবাগ', 1),
(519, 1, 'Mirpur Model', 'মিরপুর মডেল', 1),
(520, 1, 'Mohammadpur', 'মোহাম্মদপুর', 1),
(521, 1, 'Motijheel', 'মতিঝিল', 1),
(522, 1, 'Mugda', 'মুগদা', 1),
(523, 1, 'Nawabganj', 'নবাবগঞ্জ', 1),
(524, 1, 'New Market', 'নিউমার্কেট', 1),
(525, 1, 'Pallabi', 'পল্লবী', 1),
(526, 1, 'Paltan Model', 'পল্টন মডেল', 1),
(527, 1, 'Ramna Model', 'রমনা মডেল', 1),
(528, 1, 'Rampura', 'রামপুরা', 1),
(529, 1, 'Rupnagar', 'রূপনগর', 1),
(530, 1, 'Sabujbag', 'সবুজবাগ', 1),
(531, 1, 'Savar', 'সাভার', 1),
(532, 1, 'Shah Ali', 'শাহ্ আলী', 1),
(533, 1, 'Shahbag', 'শাহবাগ', 1),
(534, 1, 'Shahjahanpur', 'শাহজাহানপুর', 1),
(535, 1, 'Sherebanglanagar', 'শেরে বাংলা নগর', 1),
(536, 1, 'Shyampur', 'শ্যামপুর', 1),
(537, 1, 'Sutrapur', 'সূত্রাপুর', 1),
(538, 1, 'Tejgaon', 'তেজগাঁও', 1),
(539, 1, 'Tejgaon I/A', 'তেজগাঁও শিল্প', 1),
(540, 1, 'Turag', 'তুরাগ', 1),
(541, 1, 'Uttara Model', 'উত্তরা মডেল', 1),
(542, 1, 'Uttara West', 'উত্তরা পশ্চিম', 1),
(543, 1, 'Uttarkhan', 'উত্তর খান', 1),
(544, 1, 'Vatara', 'ভাটারা', 1),
(545, 1, 'Wari', 'ওয়ারী', 1),
(546, 1, 'Others', 'অন্যান্য', 1),
(547, 35, 'Airport', 'এয়ারপোর্ট', 1),
(548, 35, 'Kawnia', 'কাউনিয়া', 1),
(549, 35, 'Bondor', 'বন্দর', 1),
(550, 35, 'Others', 'অন্যান্য', 1),
(551, 24, 'Boalia', 'বোয়ালিয়া', 1),
(552, 24, 'Motihar', 'মতিহার', 1),
(553, 24, 'Shahmokhdum', 'শাহ্ মকখদুম ', 1),
(554, 24, 'Rajpara', 'রাজপারা ', 1),
(555, 24, 'Others', 'অন্যান্য', 1),
(556, 43, 'Akborsha', 'Akborsha', 1),
(557, 43, 'Baijid bostami', 'বাইজিদ বোস্তামী', 1),
(558, 43, 'Bakolia', 'বাকোলিয়া', 1),
(559, 43, 'Bandar', 'বন্দর', 1),
(560, 43, 'Chandgaon', 'চাঁদগাও', 1),
(561, 43, 'Chokbazar', 'চকবাজার', 1),
(562, 43, 'Doublemooring', 'ডাবল মুরিং', 1),
(563, 43, 'EPZ', 'ইপিজেড', 1),
(564, 43, 'Hali Shohor', 'হলী শহর', 1),
(565, 43, 'Kornafuli', 'কর্ণফুলি', 1),
(566, 43, 'Kotwali', 'কোতোয়ালী', 1),
(567, 43, 'Kulshi', 'কুলশি', 1),
(568, 43, 'Pahartali', 'পাহাড়তলী', 1),
(569, 43, 'Panchlaish', 'পাঁচলাইশ', 1),
(570, 43, 'Potenga', 'পতেঙ্গা', 1),
(571, 43, 'Shodhorgat', 'সদরঘাট', 1),
(572, 43, 'Others', 'অন্যান্য', 1),
(573, 44, 'Others', 'অন্যান্য', 1),
(574, 59, 'Aranghata', 'আড়াংঘাটা', 1),
(575, 59, 'Daulatpur', 'দৌলতপুর', 1),
(576, 59, 'Harintana', 'হারিন্তানা ', 1),
(577, 59, 'Horintana', 'হরিণতানা ', 1),
(578, 59, 'Khalishpur', 'খালিশপুর', 1),
(579, 59, 'Khanjahan Ali', 'খানজাহান আলী', 1),
(580, 59, 'Khulna Sadar', 'খুলনা সদর', 1),
(581, 59, 'Labanchora', 'লাবানছোরা', 1),
(582, 59, 'Sonadanga', 'সোনাডাঙ্গা', 1),
(583, 59, 'Others', 'অন্যান্য', 1),
(584, 2, 'Others', 'অন্যান্য', 1),
(585, 4, 'Others', 'অন্যান্য', 1),
(586, 5, 'Others', 'অন্যান্য', 1),
(587, 54, 'Airport', 'বিমানবন্দর', 1),
(588, 54, 'Hazrat Shah Paran', 'হযরত শাহ পরাণ', 1),
(589, 54, 'Jalalabad', 'জালালাবাদ', 1),
(590, 54, 'Kowtali', 'কোতোয়ালী', 1),
(591, 54, 'Moglabazar', 'মোগলাবাজার', 1),
(592, 54, 'Osmani Nagar', 'ওসমানী নগর', 1),
(594, 54, 'Others', 'অন্যান্য', 1),
(595, 1, 'উত্তরা পূর্ব', 'Uttora East', 1);



CREATE TABLE IF NOT EXISTS login (
  login_id BIGINT unsigned NOT NULL AUTO_INCREMENT,
  login_username varchar(100) NOT NULL,
  login_password_value varchar(250) NOT NULL,
  login_full_name varchar(100) DEFAULT NULL,
  login_gender tinyint DEFAULT '0' COMMENT '0 means not inserted,1 means male,2 means female,3 means others',
  login_birth_date DATE DEFAULT NULL,
  login_phone varchar(20) DEFAULT NULL,
  login_email varchar(100) DEFAULT NULL,
  ref_login_division_id int unsigned DEFAULT NULL,
  ref_login_district_id int unsigned DEFAULT NULL,
  ref_login_sub_district_or_ps_id int unsigned DEFAULT NULL,
  login_profile_photo_location varchar(200) DEFAULT NULL,
  login_registration_date_time  DATETIME NOT NULL,
  login_edit_date_time TIMESTAMP NOT NULL DEFAULT CURRENT_TIMESTAMP ON UPDATE CURRENT_TIMESTAMP,
  login_active tinyint DEFAULT 1,
  PRIMARY KEY(login_id),
  UNIQUE KEY(login_username),
  FOREIGN KEY(ref_login_division_id) REFERENCES division(division_id),
  FOREIGN KEY(ref_login_district_id) REFERENCES district(district_id),
  FOREIGN KEY(ref_login_sub_district_or_ps_id) REFERENCES sub_district_or_ps(sub_district_or_ps_id)
) ENGINE = InnoDB AUTO_INCREMENT = 1;

CREATE TABLE IF NOT EXISTS device_info (
  device_info_id BIGINT unsigned NOT NULL AUTO_INCREMENT,
  ref_device_info_login_id BIGINT unsigned NOT NULL,
  ref_device_info_device_tpe_id tinyint unsigned NOT NULL,
  device_info_token varchar(500) NOT NULL,
  device_info_registration_date_time  DATETIME NOT NULL,
  device_info_edit_date_time TIMESTAMP NOT NULL DEFAULT CURRENT_TIMESTAMP ON UPDATE CURRENT_TIMESTAMP,
  device_info_active tinyint DEFAULT 1,
  PRIMARY KEY(device_info_id),
  FOREIGN KEY(ref_device_info_login_id) REFERENCES login(login_id),
  FOREIGN KEY(ref_device_info_device_tpe_id) REFERENCES device_type(device_type_id)
) ENGINE = InnoDB AUTO_INCREMENT = 1;
CREATE TABLE ad_category (
  ad_category_id tinyint unsigned NOT NULL AUTO_INCREMENT,
  ad_category_name_en varchar(100) NOT NULL,
  ad_category_name_bd varchar(100) NOT NULL,
  ad_category_info_en varchar(500) NOT NULL,
  ad_category_info_bd varchar(500) NOT NULL,
  ad_category_position tinyint unsigned DEFAULT 0,
  ad_category_active tinyint DEFAULT 1,
  PRIMARY KEY(ad_category_id),
  UNIQUE KEY(ad_category_name_en),
  UNIQUE KEY(ad_category_name_bd)
) ENGINE = InnoDB AUTO_INCREMENT = 1;

CREATE TABLE service_type (
  service_type_id tinyint unsigned NOT NULL AUTO_INCREMENT,
  service_type_name_en varchar(100) NOT NULL,
  service_type_name_bd varchar(100) NOT NULL,
  service_type_position tinyint unsigned DEFAULT 0,
  service_type_active tinyint DEFAULT 1,
  PRIMARY KEY(service_type_id),
  UNIQUE KEY(service_type_name_en),
  UNIQUE KEY(service_type_name_bd)
) ENGINE = InnoDB AUTO_INCREMENT = 1;

CREATE TABLE selling_product_category (
  selling_product_category_id int unsigned NOT NULL AUTO_INCREMENT,
  selling_product_category_name_en varchar(100) NOT NULL,
  selling_product_category_name_bd varchar(100) NOT NULL,
  selling_product_category_position int unsigned DEFAULT 0,
  selling_product_category_active tinyint DEFAULT 1,
  PRIMARY KEY(selling_product_category_id),
  UNIQUE KEY(selling_product_category_name_en),
  UNIQUE KEY(selling_product_category_name_bd)
) ENGINE = InnoDB AUTO_INCREMENT = 1;

CREATE TABLE job_category (
  job_category_id tinyint unsigned NOT NULL AUTO_INCREMENT,
  job_category_name_en varchar(100) NOT NULL,
  job_category_name_bd varchar(100) NOT NULL,
  job_category_active tinyint DEFAULT 1,
  PRIMARY KEY(job_category_id),
  UNIQUE KEY(job_category_name_en),
  UNIQUE KEY(job_category_name_bd)
) ENGINE = InnoDB AUTO_INCREMENT = 1;

CREATE TABLE food_business_type (
  food_business_type_id tinyint unsigned NOT NULL AUTO_INCREMENT,
  food_business_type_name_en varchar(100) NOT NULL,
  food_business_type_name_bd varchar(100) NOT NULL,
  food_business_type_active tinyint DEFAULT 1,
  PRIMARY KEY(food_business_type_id),
  UNIQUE KEY(food_business_type_name_en),
  UNIQUE KEY(food_business_type_name_bd)
) ENGINE = InnoDB AUTO_INCREMENT = 1;

CREATE TABLE car_type (
  car_type_id tinyint unsigned NOT NULL AUTO_INCREMENT,
  car_type_name_en varchar(50) NOT NULL,
  car_type_name_bd varchar(100) NOT NULL,
  car_type_active tinyint DEFAULT 1,
  PRIMARY KEY(car_type_id),
  UNIQUE KEY(car_type_name_en),
  UNIQUE KEY(car_type_name_bd)
) ENGINE = InnoDB AUTO_INCREMENT = 1;

CREATE TABLE rent_a_car (
  rent_a_car_id BIGINT unsigned NOT NULL AUTO_INCREMENT,
  ref_rent_a_car_login_id BIGINT UNSIGNED NOT NULL,
  ref_rent_a_car_division_id int unsigned DEFAULT NULL,
  ref_rent_a_car_district_id int unsigned DEFAULT NULL,
  ref_rent_a_car_sub_district_or_pos_id int unsigned DEFAULT NULL,
  rent_a_car_address text DEFAULT NULL,
  rent_a_car_ownership_type ENUM('company', 'personal') NOT NULL,
  rent_a_car_name varchar(100) NOT NULL,
  rent_a_car_type_ids varchar(200) comment 'id will be divided by coma(,)',
  rent_a_car_mobile varchar(200) comment 'multiple number will be separated by coma(,)',
  rent_a_car_image_1 varchar(200) DEFAULT NULL,
  rent_a_car_image_2 varchar(200) DEFAULT NULL,
  rent_a_car_image_3 varchar(200) DEFAULT NULL,
  rent_a_car_image_4 varchar(200) DEFAULT NULL,
  rent_a_car_image_5 varchar(200) DEFAULT NULL,
  rent_a_car_registration_date_time DATETIME NOT NULL,
  rent_a_car_editing_date_time TIMESTAMP NOT NULL DEFAULT CURRENT_TIMESTAMP ON UPDATE CURRENT_TIMESTAMP,
  rent_a_car_post_weight varchar(20) DEFAULT '0',
  rent_a_car_active tinyint DEFAULT 1,
  PRIMARY KEY(rent_a_car_id),
  FOREIGN KEY(ref_rent_a_car_login_id) REFERENCES login(login_id),
  FOREIGN KEY(ref_rent_a_car_division_id) REFERENCES division(division_id),
  FOREIGN KEY(ref_rent_a_car_district_id) REFERENCES district(district_id),
  FOREIGN KEY(ref_rent_a_car_sub_district_or_pos_id) REFERENCES sub_district_or_ps(sub_district_or_ps_id)
) ENGINE = InnoDB AUTO_INCREMENT = 1;

CREATE TABLE rent_a_service (
  rent_a_service_id BIGINT UNSIGNED NOT NULL AUTO_INCREMENT,
  ref_rent_a_service_division_id int unsigned DEFAULT NULL,
  ref_rent_a_service_district_id int unsigned DEFAULT NULL,
  ref_rent_a_service_sub_district_or_ps_id int unsigned DEFAULT NULL,
  rent_a_service_type_ids varchar(200) comment 'id will be divided by coma(,)',
  rent_a_service_freelencer_organization tinyint NOT NULL DEFAULT 0 comment '1 means freelencer,2 means organization)',
  rent_a_service_name VARCHAR(100) NOT NULL,
  rent_a_service_address varchar(200) DEFAULT NULL,
  rent_a_service_mobile_no varchar(200) DEFAULT NULL comment 'multiple number will be separated by coma(,)',
  rent_a_service_image_1 varchar(200) DEFAULT NULL,
  rent_a_service_image_2 varchar(200) DEFAULT NULL,
  rent_a_service_image_3 varchar(200) DEFAULT NULL,
  rent_a_service_image_4 varchar(200) DEFAULT NULL,
  rent_a_service_imagte_5 varchar(200) DEFAULT NULL,
  rent_a_service_registration_date_time DATETIME NOT NULL,
  rent_a_service_editing_date_time TIMESTAMP NOT NULL DEFAULT CURRENT_TIMESTAMP ON UPDATE CURRENT_TIMESTAMP,
  rent_a_service_weight varchar(20) DEFAULT '0',
  rent_a_service_active tinyint DEFAULT 1,
  PRIMARY KEY(rent_a_service_id),
  FOREIGN KEY(ref_rent_a_service_division_id) REFERENCES division(division_id),
  FOREIGN KEY(ref_rent_a_service_district_id) REFERENCES district(district_id),
  FOREIGN KEY(ref_rent_a_service_sub_district_or_ps_id) REFERENCES sub_district_or_ps(sub_district_or_ps_id)
) ENGINE = InnoDB AUTO_INCREMENT = 1;

CREATE TABLE swapping_by (
  swapping_by_id tinyint unsigned NOT NULL AUTO_INCREMENT,
  swapping_by_name_en varchar(50) NOT NULL,
  swapping_by_name_bd varchar(50) NOT NULL,
  swapping_by_active tinyint NOT NULL DEFAULT 1,
  PRIMARY KEY(swapping_by_id),
  UNIQUE KEY(swapping_by_name_en),
  UNIQUE KEY(swapping_by_name_bd)
) ENGINE = InnoDB AUTO_INCREMENT = 1;

CREATE TABLE IF NOT EXISTS occupation(
  occupation_id tinyint unsigned NOT NULL AUTO_INCREMENT,
  occupation_name_en varchar(50) NOT NULL,
  occupation_name_bd varchar(50) NOT NULL,
  occupation_active tinyint DEFAULT 1,
  PRIMARY KEY(occupation_id),
  UNIQUE KEY(occupation_name_en),
  UNIQUE KEY(occupation_name_bd)
) ENGINE = InnoDB AUTO_INCREMENT = 1;

CREATE TABLE IF NOT EXISTS product_condition(
  product_condition_id tinyint unsigned NOT NULL AUTO_INCREMENT,
  product_condition_name_en VARCHAR(50),
  product_condition_name_bn VARCHAR(50),
  product_condition_active tinyint unsigned NOT NULL DEFAULT 1,
  PRIMARY KEY(product_condition_id),
  UNIQUE KEY(product_condition_name_en),
  UNIQUE KEY(product_condition_name_bn)
) ENGINE = InnoDB AUTO_INCREMENT = 1;

CREATE TABLE IF NOT EXISTS marital_status(
  marital_status_id tinyint unsigned NOT NULL AUTO_INCREMENT,
  marital_status_name_en varchar(50) NOT NULL,
  marital_status_name_bd varchar(50) NOT NULL,
  PRIMARY KEY(marital_status_id),
  UNIQUE KEY(marital_status_name_en),
  UNIQUE KEY(marital_status_name_bd)
) ENGINE = InnoDB AUTO_INCREMENT = 1;

CREATE TABLE post (
  post_id BIGINT unsigned NOT NULL AUTO_INCREMENT,
  ref_post_login_id BIGINT UNSIGNED NOT NULL,
  ref_post_ad_category_id tinyint unsigned NOT NULL, 
  ref_post_division_id int unsigned DEFAULT NULL,
  ref_post_district_id int unsigned DEFAULT NULL,
  ref_post_sub_district_or_ps_id int unsigned DEFAULT NULL,
  post_address VARCHAR(200) DEFAULT NULL,
  post_mobile_no VARCHAR(200) DEFAULT NULL,
  post_contact_person_full_name VARCHAR(100) DEFAULT NULL,
  post_swapping_product_name VARCHAR(200) DEFAULT NULL,
  ref_post_swapping_by_id tinyint unsigned DEFAULT null,
  post_swapping_details text DEFAULT NULL,
  post_swapping_exchange_amount VARCHAR(20) DEFAULT NULL,
  post_swapping_about_exchange_details text DEFAULT NULL,
  post_title varchar(200) DEFAULT NULL,
  post_details text DEFAULT NULL,
  ref_post_selling_product_category_id INT UNSIGNED DEFAULT NULL,
  post_amount varchar(20) DEFAULT NULL, 
  ref_post_job_category_id tinyint unsigned  DEFAULT NULL,
  post_birth_date DATE DEFAULT NULL,
  post_gender tinyint DEFAULT '0' COMMENT'0 means not inserted,1 means male,2 means female,3 means others',
  post_education_requirements text DEFAULT NULL,
  post_job_salary varchar(20) DEFAULT NULL,
  ref_post_food_business_type_id tinyint unsigned DEFAULT NULL,
  post_food_list text DEFAULT NULL,
  post_food_timetable text DEFAULT NULL,
  post_instructions_medium varchar(100) DEFAULT NULL,
  post_interested_classes varchar(200) DEFAULT NULL,
  post_interested_subjects varchar(200) DEFAULT NULL,
  post_wanted_groom_bride tinyint DEFAULT NULL COMMENT'0 means nothing, 1 means groom and 2 means bride',
  post_bride_groom_name varchar(100) DEFAULT NULL,
  post_bride_groom_height varchar(20) DEFAULT NULL,
  post_bride_groom_religion varchar(50) DEFAULT NULL,
  ref_post_bride_groom_occupation_id tinyint unsigned DEFAULT NULL,
  post_bride_groom_home_town_address text DEFAULT NULL,
  post_bride_groom_expectation_details text DEFAULT NULL,
  post_ending_date_time  DATETIME DEFAULT NULL,
  post_created_date_time DATETIME DEFAULT NULL,
  post_editing_date_time TIMESTAMP NOT NULL DEFAULT CURRENT_TIMESTAMP ON UPDATE CURRENT_TIMESTAMP,
  post_weight varchar(20) DEFAULT NULL,
  post_active tinyint DEFAULT 1,
  PRIMARY KEY(post_id),
FOREIGN KEY(ref_post_login_id) REFERENCES login(login_id),
FOREIGN KEY(ref_post_ad_category_id) REFERENCES ad_category(ad_category_id),
FOREIGN KEY(ref_post_division_id) REFERENCES division(division_id),
FOREIGN KEY(ref_post_district_id) REFERENCES district(district_id),
FOREIGN KEY(ref_post_sub_district_or_ps_id) REFERENCES sub_district_or_ps(sub_district_or_ps_id),
FOREIGN KEY(ref_post_swapping_by_id) REFERENCES swapping_by(swapping_by_id),
FOREIGN KEY(ref_post_selling_product_category_id) REFERENCES selling_product_category(selling_product_category_id),
FOREIGN KEY(ref_post_job_category_id) REFERENCES job_category(job_category_id),
FOREIGN KEY(ref_post_food_business_type_id) REFERENCES food_business_type(food_business_type_id),
FOREIGN KEY(ref_post_bride_groom_occupation_id) REFERENCES occupation(occupation_id)

  
) ENGINE=InnoDB  AUTO_INCREMENT=1;

CREATE TABLE post_image (
  post_image_id bigint unsigned NOT NULL AUTO_INCREMENT,
  ref_post_id bigint unsigned NOT NULL,
  post_display_image_location varchar(200) DEFAULT NULL,
  post_extra1_image_location varchar(200) DEFAULT NULL,
  post_extra2_image_location varchar(200) DEFAULT NULL,
  post_extra3_image_location varchar(200) DEFAULT NULL,
  post_extra4_image_location varchar(200) DEFAULT NULL,
  post_extra5_image_location varchar(200) DEFAULT NULL,
  post_total_image_size_kb DOUBLE DEFAULT NULL,
  PRIMARY KEY(post_image_id),
  FOREIGN KEY(ref_post_id) REFERENCES post(post_id)
) ENGINE=InnoDB DEFAULT CHARSET=utf8 AUTO_INCREMENT=1;

CREATE TABLE favourite_post (
  favourite_post_id BIGINT unsigned NOT NULL AUTO_INCREMENT,
  ref_login_id BIGINT UNSIGNED NOT NULL,
  all_post_ids text comment'we will put maximum 100 post ids',
   PRIMARY KEY(favourite_post_id),
   FOREIGN KEY(ref_login_id) REFERENCES login(login_id)
) ENGINE=InnoDB  AUTO_INCREMENT=1;


CREATE TABLE IF NOT EXISTS product_condition(
  product_condition_id tinyint unsigned NOT NULL AUTO_INCREMENT,
  product_condition_name_en	VARCHAR(50),
  product_condition_name_bn	VARCHAR(50),
  product_condition_active tinyint unsigned NOT NULL DEFAULT 1,

  PRIMARY KEY(product_condition_id),
  UNIQUE KEY(product_condition_name_en),
  UNIQUE KEY(product_condition_name_bn)	
  
) ENGINE=InnoDB  AUTO_INCREMENT=1 ;

CREATE TABLE IF NOT EXISTS marital_status(
  marital_status_id tinyint unsigned NOT NULL AUTO_INCREMENT,
  marital_status_name_en varchar(50) NOT NULL,
  marital_status_name_bd varchar(50) NOT NULL,

  PRIMARY KEY(marital_status_id),
  UNIQUE KEY(marital_status_name_en),
  UNIQUE KEY(marital_status_name_bd)
  
) ENGINE=InnoDB  AUTO_INCREMENT=1 ;

CREATE TABLE blood_donor (
  blood_donor_id bigint unsigned NOT NULL AUTO_INCREMENT,
  ref_blood_donor_login_id bigint unsigned NOT NULL,
  blood_donor_full_name varchar(100) NOT NULL,
  blood_donor_mobile varchar(20) NOT NULL,
  blood_donor_gender tinyint DEFAULT 0 comment'1 means male,2 means female,3 means others',
  blood_donor_birth_date date NOT NULL,
  blood_donor_group varchar(5) NOT NULL,
  ref_blood_donor_current_division_id int unsigned DEFAULT NULL,
  ref_blood_donor_current_district_id int unsigned DEFAULT NULL,
  ref_blood_donor_current_sub_district_or_ps_id int unsigned DEFAULT NULL,
  blood_donor_last_donation_date date default NULL,
  blood_donor_editing_date_time TIMESTAMP NOT NULL DEFAULT CURRENT_TIMESTAMP ON UPDATE CURRENT_TIMESTAMP,
  PRIMARY KEY(blood_donor_id),
  FOREIGN KEY(ref_blood_donor_login_id) REFERENCES login(login_id),
  FOREIGN KEY(ref_blood_donor_current_division_id) REFERENCES division(division_id),
  FOREIGN KEY(ref_blood_donor_current_district_id) REFERENCES district(district_id),
  FOREIGN KEY(ref_blood_donor_current_sub_district_or_ps_id) REFERENCES sub_district_or_ps(sub_district_or_ps_id)
) ENGINE=InnoDB DEFAULT CHARSET=utf8 AUTO_INCREMENT=1;

CREATE TABLE blood_request (
  ref_blood_request_login_id bigint unsigned NOT NULL,
  blood_request_group varchar(5) NOT NULL,
  blood_request_details text DEFAULT NULL,
  ref_blood_request_division_id int unsigned DEFAULT NULL,
  ref_blood_request_district_id int unsigned DEFAULT NULL,
  ref_blood_request_sub_district_or_ps_id int unsigned DEFAULT NULL,
  blood_request_address text default NULL,
  blood_request_mobile varchar(50) DEFAULT  NULL COMMENT'put multiple mobile number by coma(,)',
  blood_request_creating_editing_date_time TIMESTAMP NOT NULL DEFAULT CURRENT_TIMESTAMP ON UPDATE CURRENT_TIMESTAMP,
  PRIMARY KEY(ref_blood_request_login_id),
  FOREIGN KEY(ref_blood_request_login_id) REFERENCES login(login_id),
  FOREIGN KEY(ref_blood_request_division_id) REFERENCES division(division_id),
  FOREIGN KEY(ref_blood_request_district_id) REFERENCES district(district_id),
  FOREIGN KEY(ref_blood_request_sub_district_or_ps_id) REFERENCES sub_district_or_ps(sub_district_or_ps_id)
) ENGINE=InnoDB DEFAULT CHARSET=utf8 ;

CREATE TABLE visiting_card (
  visiting_card_id bigint unsigned NOT NULL AUTO_INCREMENT,
  ref_visiting_card_login_id bigint unsigned NOT NULL,
  visiting_card_title Varchar(200) DEFAULT NULL,
  visiting_original_image_location varchar(200) NOT NULL,
  
  PRIMARY KEY(visiting_card_id),
  FOREIGN KEY(ref_visiting_card_login_id) REFERENCES login(login_id)
) ENGINE=InnoDB DEFAULT CHARSET=utf8 AUTO_INCREMENT=1;

CREATE TABLE IF NOT EXISTS admin (
  admin_id BIGINT unsigned NOT NULL AUTO_INCREMENT,
  admin_username varchar(100) NOT NULL,
  admin_password_value varchar(100) NOT NULL,
  admin_full_name varchar(100) DEFAULT NULL,
  admin_active tinyint DEFAULT 1,
  PRIMARY KEY(admin_id),
  UNIQUE KEY(admin_username)
  
) ENGINE=InnoDB  AUTO_INCREMENT=1 ;

CREATE TABLE IF NOT EXISTS blood_groups (
  blood_groups_id BIGINT unsigned NOT NULL AUTO_INCREMENT,
  blood_groups_name_en varchar(100) NOT NULL,
  blood_groups_name_bd varchar(100) NOT NULL,

  PRIMARY KEY(blood_groups_id),
  UNIQUE KEY(blood_groups_name_en),
  UNIQUE KEY(blood_groups_name_bd)
  
) ENGINE=InnoDB  AUTO_INCREMENT=1 ;


INSERT INTO blood_groups (blood_groups_id, blood_groups_name_en, blood_groups_name_bd) VALUES
(1, 'O+', 'ও পজেটিভ'),
(2, 'O-', 'ও নেগেটিভ'),
(3, 'A+', 'এ পজেটিভ'),
(4, 'A-', 'এ নেগেটিভ'),
(5, 'B+', 'বি পজেটিভ'),
(6, 'B-', 'বি নেগেটিভ'),
(7, 'AB+', 'এবি পজেটিভ'),
(8, 'AB-', 'এবি নেগেটিভ');